{
  "accuracy": [
    0.8421052694320679,
    0.9947368502616882,
    0.9973683953285217,
    1.0,
    1.0,
    1.0,
    1.0,
    1.0,
    1.0
  ],
  "loss": [
    0.47963574528694153,
    0.03247375041246414,
    0.011060641147196293,
    0.004607801325619221,
    0.0027346701826900244,
    0.0019254633225500584,
    0.0018676698673516512,
    0.0013973235618323088,
    0.0020224833860993385
  ],
  "val_accuracy": [
    1.0,
    1.0,
    1.0,
    1.0,
    1.0,
    1.0,
    1.0,
    1.0,
    1.0
  ],
  "val_loss": [
    0.051172882318496704,
    0.008197142742574215,
    0.00429947953671217,
    0.002633168362081051,
    0.001968132331967354,
    0.0016461131162941456,
    0.0013476794119924307,
    0.0010598174994811416,
    0.0008652525721117854
  ]
}